2022-06-30T22:00:00.000Z,Entreprise
2022-07-31T22:00:00.000Z,Entreprise
2022-08-31T22:00:00.000Z,Entreprise
2022-09-30T22:00:00.000Z,
2022-10-31T23:00:00.000Z,Ferie
2022-11-30T23:00:00.000Z,undefined
2022-07-01T22:00:00.000Z,
2022-08-01T22:00:00.000Z,Entreprise
2022-09-01T22:00:00.000Z,Formation
2022-10-01T22:00:00.000Z,
2022-11-01T23:00:00.000Z,Entreprise
2022-12-01T23:00:00.000Z,undefined
2022-07-02T22:00:00.000Z,
2022-08-02T22:00:00.000Z,Entreprise
2022-09-02T22:00:00.000Z,
2022-10-02T22:00:00.000Z,Formation
2022-11-02T23:00:00.000Z,Entreprise
2022-12-02T23:00:00.000Z,undefined
2022-07-03T22:00:00.000Z,Formation
2022-08-03T22:00:00.000Z,Entreprise
2022-09-03T22:00:00.000Z,
2022-10-03T22:00:00.000Z,Entreprise
2022-11-03T23:00:00.000Z,Entreprise
2022-12-03T23:00:00.000Z,undefined
2022-07-04T22:00:00.000Z,Entreprise
2022-08-04T22:00:00.000Z,Entreprise
2022-09-04T22:00:00.000Z,Formation
2022-10-04T22:00:00.000Z,Entreprise
2022-11-04T23:00:00.000Z,
2022-12-04T23:00:00.000Z,undefined
2022-07-05T22:00:00.000Z,Entreprise
2022-08-05T22:00:00.000Z,
2022-09-05T22:00:00.000Z,Entreprise
2022-10-05T22:00:00.000Z,Entreprise
2022-11-05T23:00:00.000Z,
2022-12-05T23:00:00.000Z,undefined
2022-07-06T22:00:00.000Z,Entreprise
2022-08-06T22:00:00.000Z,
2022-09-06T22:00:00.000Z,Entreprise
2022-10-06T22:00:00.000Z,Entreprise
2022-11-06T23:00:00.000Z,Formation
2022-12-06T23:00:00.000Z,undefined
2022-07-07T22:00:00.000Z,Formation
2022-08-07T22:00:00.000Z,Entreprise
2022-09-07T22:00:00.000Z,Entreprise
2022-10-07T22:00:00.000Z,
2022-11-07T23:00:00.000Z,Entreprise
2022-12-07T23:00:00.000Z,undefined
2022-07-08T22:00:00.000Z,
2022-08-08T22:00:00.000Z,Entreprise
2022-09-08T22:00:00.000Z,Entreprise
2022-10-08T22:00:00.000Z,
2022-11-08T23:00:00.000Z,Entreprise
2022-12-08T23:00:00.000Z,undefined
2022-07-09T22:00:00.000Z,
2022-08-09T22:00:00.000Z,Entreprise
2022-09-09T22:00:00.000Z,
2022-10-09T22:00:00.000Z,Formation
2022-11-09T23:00:00.000Z,Entreprise
2022-12-09T23:00:00.000Z,undefined
2022-07-10T22:00:00.000Z,Formation
2022-08-10T22:00:00.000Z,Entreprise
2022-09-10T22:00:00.000Z,
2022-10-10T22:00:00.000Z,Entreprise
2022-11-10T23:00:00.000Z,Ferie
2022-12-10T23:00:00.000Z,undefined
2022-07-11T22:00:00.000Z,Entreprise
2022-08-11T22:00:00.000Z,Entreprise
2022-09-11T22:00:00.000Z,Formation
2022-10-11T22:00:00.000Z,Entreprise
2022-11-11T23:00:00.000Z,
2022-12-11T23:00:00.000Z,undefined
2022-07-12T22:00:00.000Z,Entreprise
2022-08-12T22:00:00.000Z,
2022-09-12T22:00:00.000Z,Entreprise
2022-10-12T22:00:00.000Z,Entreprise
2022-11-12T23:00:00.000Z,
2022-12-12T23:00:00.000Z,undefined
2022-07-13T22:00:00.000Z,Ferie
2022-08-13T22:00:00.000Z,
2022-09-13T22:00:00.000Z,Entreprise
2022-10-13T22:00:00.000Z,Formation
2022-11-13T23:00:00.000Z,Entreprise
2022-12-13T23:00:00.000Z,undefined
2022-07-14T22:00:00.000Z,Entreprise
2022-08-14T22:00:00.000Z,Ferie
2022-09-14T22:00:00.000Z,Entreprise
2022-10-14T22:00:00.000Z,
2022-11-14T23:00:00.000Z,
2022-12-14T23:00:00.000Z,undefined
2022-07-15T22:00:00.000Z,
2022-08-15T22:00:00.000Z,Entreprise
2022-09-15T22:00:00.000Z,Formation
2022-10-15T22:00:00.000Z,
2022-11-15T23:00:00.000Z,
2022-12-15T23:00:00.000Z,undefined
2022-07-16T22:00:00.000Z,
2022-08-16T22:00:00.000Z,Entreprise
2022-09-16T22:00:00.000Z,
2022-10-16T22:00:00.000Z,Formation
2022-11-16T23:00:00.000Z,
2022-12-16T23:00:00.000Z,undefined
2022-07-17T22:00:00.000Z,Formation
2022-08-17T22:00:00.000Z,Entreprise
2022-09-17T22:00:00.000Z,
2022-10-17T22:00:00.000Z,Entreprise
2022-11-17T23:00:00.000Z,
2022-12-17T23:00:00.000Z,undefined
2022-07-18T22:00:00.000Z,Entreprise
2022-08-18T22:00:00.000Z,Formation
2022-09-18T22:00:00.000Z,Formation
2022-10-18T22:00:00.000Z,Entreprise
2022-11-18T23:00:00.000Z,
2022-12-18T23:00:00.000Z,undefined
2022-07-19T22:00:00.000Z,Entreprise
2022-08-19T22:00:00.000Z,
2022-09-19T22:00:00.000Z,Entreprise
2022-10-19T22:00:00.000Z,Entreprise
2022-11-19T23:00:00.000Z,
2022-12-19T23:00:00.000Z,undefined
2022-07-20T22:00:00.000Z,Entreprise
2022-08-20T22:00:00.000Z,
2022-09-20T22:00:00.000Z,Entreprise
2022-10-20T22:00:00.000Z,Entreprise
2022-11-20T23:00:00.000Z,
2022-12-20T23:00:00.000Z,undefined
2022-07-21T22:00:00.000Z,Formation
2022-08-21T22:00:00.000Z,Formation
2022-09-21T22:00:00.000Z,Entreprise
2022-10-21T22:00:00.000Z,
2022-11-21T23:00:00.000Z,
2022-12-21T23:00:00.000Z,undefined
2022-07-22T22:00:00.000Z,
2022-08-22T22:00:00.000Z,Entreprise
2022-09-22T22:00:00.000Z,Entreprise
2022-10-22T22:00:00.000Z,
2022-11-22T23:00:00.000Z,
2022-12-22T23:00:00.000Z,undefined
2022-07-23T22:00:00.000Z,
2022-08-23T22:00:00.000Z,Entreprise
2022-09-23T22:00:00.000Z,
2022-10-23T22:00:00.000Z,Formation
2022-11-23T23:00:00.000Z,
2022-12-23T23:00:00.000Z,undefined
2022-07-24T22:00:00.000Z,Formation
2022-08-24T22:00:00.000Z,Entreprise
2022-09-24T22:00:00.000Z,
2022-10-24T22:00:00.000Z,Entreprise
2022-11-24T23:00:00.000Z,
2022-12-24T23:00:00.000Z,undefined
2022-07-25T22:00:00.000Z,Entreprise
2022-08-25T22:00:00.000Z,Entreprise
2022-09-25T22:00:00.000Z,Formation
2022-10-25T22:00:00.000Z,Entreprise
2022-11-25T23:00:00.000Z,
2022-12-25T23:00:00.000Z,undefined
2022-07-26T22:00:00.000Z,Entreprise
2022-08-26T22:00:00.000Z,
2022-09-26T22:00:00.000Z,Entreprise
2022-10-26T22:00:00.000Z,Entreprise
2022-11-26T23:00:00.000Z,
2022-12-26T23:00:00.000Z,undefined
2022-07-27T22:00:00.000Z,Entreprise
2022-08-27T22:00:00.000Z,
2022-09-27T22:00:00.000Z,Entreprise
2022-10-27T22:00:00.000Z,Formation
2022-11-27T23:00:00.000Z,
2022-12-27T23:00:00.000Z,undefined
2022-07-28T22:00:00.000Z,Entreprise
2022-08-28T22:00:00.000Z,Formation
2022-09-28T22:00:00.000Z,Entreprise
2022-10-28T22:00:00.000Z,
2022-11-28T23:00:00.000Z,
2022-12-28T23:00:00.000Z,undefined
2022-07-29T22:00:00.000Z,
2022-08-29T22:00:00.000Z,Entreprise
2022-09-29T22:00:00.000Z,Formation
2022-10-29T22:00:00.000Z,
2022-11-29T23:00:00.000Z,
2022-12-29T23:00:00.000Z,undefined
2022-07-30T22:00:00.000Z,
2022-08-30T22:00:00.000Z,Entreprise
2022-10-30T23:00:00.000Z,Formation
2022-12-30T23:00:00.000Z,undefined
